"","V1","V2","V3","V4","V5","V6","V7","V8","V9","V10","V11","V12","V13","V14","V15","V16","V17","V18","V19","V20","Label"
"1",0.56095741188687,1.5250553817427,1.22829515216551,-0.169819652258857,-0.0130508963227842,0.903928638827662,-0.28657484154707,-2.00557770116006,-0.819218026853453,0.348116300986876,0.128146620864205,1.89140759643993,0.265909988179312,0.882663143957043,0.984522600935638,0.433745890378043,-0.13088968194714,1.95441490190392,0.484597208071478,0.130631989831627,0
"2",-0.0682807061935871,1.46961265342567,2.33361645221114,-0.462961802944911,-0.187069086540275,0.302240929569195,2.03559651147,-0.114937983772405,0.342852620425949,0.90457831880236,0.0878012389092459,0.478441604194433,1.32379152755169,0.822295038367786,0.218190169469809,-0.888947198106043,-0.30105754744688,0.993343709309229,0.345377164955031,1.49437843284643,0
"3",1.11043839030948,0.927914824989935,1.52689561103001,-0.36412732282279,0.391180196859097,-1.44626522245303,-0.48825127638637,-2.73037634324428,0.415581579659905,-0.0844336798761729,0.433358129782539,-0.528729747552453,-0.676398827807351,-0.0791495030718261,0.189892309202887,-0.355278840502255,0.481168545966233,1.55142846372126,2.33170921763314,-0.413922567661005,0
"4",-0.537618090278754,0.937254925429735,1.24764376179672,0.817092322190354,0.633370867486957,0.586669479527951,0.593253160571299,-0.132037876068573,0.477202553400801,0.367652544477202,0.502329603270809,0.337609511993732,2.44106435072542,-1.39032452386076,0.35916517820117,0.541781739924625,0.0944456059790839,0.600758221369974,0.496120166472507,0.323163926987923,0
"5",1.07181862167552,1.4803940134179,0.342299845023157,0.0896900479939826,0.994804235611016,1.37286743143376,0.220090809696663,1.09004864303477,0.716326112644432,1.39718427105032,-1.11608891730004,0.74416368087375,0.300282083916914,-0.0734497077893042,-0.960853063751101,0.64483248042532,1.97921502422358,-0.195119857775578,1.21240595492252,2.02948931168089,0
"6",0.594298033216895,1.26730487719031,0.282411013097234,1.62597660616164,3.78296493929371,-0.577990385713521,0.557715433233833,-0.812929388974186,1.32718321850195,0.905953054963706,-0.824446008747961,-0.582600704411543,0.290921385439568,0.918107559125084,-0.206312146314844,-1.50573159258426,1.08599070672637,0.0910140529932071,2.68885382220506,2.83454792137259,0
"7",0.4716835513,-0.340669811567121,-0.178572112749651,1.64486558387307,-0.616297360732192,1.52927381921007,1.97136712286475,0.279880378699893,0.199057740767528,0.979801030625705,-0.252922161599072,0.648645133398601,1.3119852933446,1.48917785398342,0.266200764017787,0.235396054915424,0.691281295199325,0.767551238671315,1.83326365354371,1.19549977508509,0
"8",-1.29930268116426,-0.221166127945525,0.338822905817518,0.597466109630034,0.995261167772043,0.635506015177131,0.962468194968807,0.730788723595891,1.00809691909525,2.61526427213837,0.0211428218176729,1.18187443655101,3.02296267145814,2.36052357125976,1.14348760903354,1.38121947382243,0.713388193094429,1.63605700313666,0.351829144851729,1.65718265617254,0
"9",-0.158224793431271,1.89272963606108,0.158973587736719,0.6955272542312,0.356829457195513,1.77876141962599,2.26544731126609,0.0437935375160155,-0.0705717586631442,0.77756606962973,1.47012217801886,1.8776741620476,2.01976180261552,1.20395713251938,0.343593492041833,0.775352470127779,0.752013916696658,1.64033724752546,1.45901539146093,1.12007251177301,0
"10",1.27178849377922,-0.0612379753540778,0.43823998777893,1.40009905621707,0.412881128638415,1.22567812789972,1.51054085392678,0.890772124413821,1.62059562960227,0.241162658928408,0.729699185794129,-0.72624064516342,-0.201807185613246,1.56016595598769,1.5890774249241,1.45367129118914,0.201584891937734,0.237324950383381,0.276152038250635,0.478799083555632,0
"11",0.459904543295374,0.57095209503814,-0.319789983213084,-0.326377004872163,1.73508383029236,-0.462496850185334,0.213945344417289,-0.670507967407947,0.782346675401472,2.67173908525699,-0.519002016014503,1.08596429297109,1.7323480684011,-0.397203815449205,0.992903110706384,0.188385790431547,0.225828353152324,0.629415077604114,0.239042858296198,0.814751658901946,0
"12",1.01439468976101,1.67250506888457,0.785836439646178,-0.754547132026991,0.915545326475892,2.08884645637394,-0.0132394220274838,0.260237665653962,0.219166116262172,1.68757793518155,0.896105226795603,0.829880865094224,1.18486738669802,0.78905462706681,-1.14280605043384,1.08299719208497,0.688711338543248,2.53192634619773,0.557325218180158,-0.446771946032251,0
"13",0.680160815998865,4.12798827968761,0.874650056997928,0.782614923574278,1.42463858739617,1.00840008930572,2.33063702373495,0.77344720630587,-0.960284961176133,-0.0533689950562878,0.069047521573044,0.937633916887188,-0.136594920728437,-0.766125466423248,0.481985592356356,-0.423519859468368,0.563825994788,0.171677889479707,2.58835979756437,1.68501342957412,0
"14",-0.26173633670508,0.223036965718746,1.3337961827384,-0.593683481576143,-0.260980047189204,0.177482975153872,-0.646930318098954,-1.25936316034454,0.115609783308548,1.78503002839223,1.14705714176039,1.10538554527406,0.487681140824757,0.211264451362989,0.95367269695467,-0.235202698964639,1.69809882389219,1.86658371729527,0.847440983385205,-0.226989985677319,0
"15",0.833305265485726,0.629814915391038,0.467818771772214,0.496807150002601,1.1966529300354,-0.833978666090113,0.658462900048809,-1.12175389493064,1.50762323992735,-0.187185621402136,-0.638532411112447,2.02607108052044,0.773656900279026,0.744663413705411,0.766605209571804,1.2109979939108,2.64438175811842,-0.910322514910181,0.926481982233015,2.27129532242495,0
"16",-0.443628588186658,2.98156273956209,0.81388690358588,-0.748041133774533,0.641857833701071,1.6214866837111,-0.488755843768568,1.36426801771683,0.916386160986502,-0.819758027209992,0.289426256068362,-0.896100429215797,1.38970825367572,1.18152815390342,-0.0165126346270598,-1.17992163281321,-0.413987774146138,0.815960592753353,0.257390684271729,0.0541441070983152,0
"17",2.48252082940685,1.37713945761525,1.25716520091557,-0.84642458262847,-1.21784170620125,-0.431200258610833,-0.839130581866181,-0.396912615143178,1.53335354750831,-1.31795265702382,0.530814201798017,-1.82139072262038,-1.85123018801362,1.67605330030583,1.33608547129323,-0.90522025481572,-0.495446291064076,1.93253813931117,2.80809491085295,1.2432814335783,0
"18",1.19582215746709,-0.692030024772295,0.752515952994663,0.551318604364678,2.26843641251476,2.86288724356577,-0.271199114770486,-1.56074936171035,0.84671897062971,1.2504425826434,0.260522207927223,0.613947739394122,0.545921963339364,-1.12880537948582,-0.692613984302243,0.735480824770737,0.293428986784128,1.3123606461371,0.653057386532902,-0.305200165458879,0
"19",-0.309825733372953,-0.0656502914186222,1.64274956915574,0.293366639280929,0.321665855917589,-0.664604996054859,-0.203976188351281,-0.114115137198777,1.24635790730004,0.373318999083029,0.449055651444177,-0.236684463488911,-0.3113268104116,1.04222509509936,0.667279915883417,0.66382414370822,1.36336797311251,1.78325787635593,1.47292004346934,0.970931641246673,0
"20",-0.501215713248409,-1.3258603597454,0.660975038050403,0.495652333670736,0.693341421413267,0.794522023135662,0.864499669708747,-0.177249904570201,1.60760335976611,-0.355261263133184,1.23631935673353,0.110924871222474,1.20751398149394,0.580995751729435,2.06101864883643,0.119389738150538,0.677490076114577,1.24744145638196,1.19863380753676,0.761137962829133,0
"21",1.0911372656466,-0.286119573992277,0.375095039822067,1.86558271424601,0.525488527641946,2.19409524352048,1.87114886574553,0.90330100784466,0.818948281178662,1.84535016601526,0.568856953816236,0.730166830842709,2.70528361742721,0.105713928424132,-0.146385863608631,1.01513136340765,0.566129809507632,1.41252151801722,0.243352202276591,2.45798689394789,0
"22",0.05229129098484,0.664131960955796,0.343195134802034,-0.0128322468388851,1.92064167553621,0.0311566487906402,-0.0724484204424308,-1.26556936359987,1.99060563036831,-0.295538917712964,0.454094050578908,0.117865202869269,-0.0553145586469584,1.50791068124077,1.83673948790026,0.654416629790009,0.170565574098393,2.60053359261984,1.10362548531586,0.674764805830164,0
"23",0.0501657746485229,0.906183252705827,1.48181091015271,0.164234498094197,0.487797215509437,0.267783798567954,0.154727073359742,-0.384328188481662,0.325059181718854,0.733342520645736,0.758309527106351,-0.345561162661444,0.480376798298562,0.779558698441189,0.294263538407791,0.445537742756569,-0.322827519119241,2.56112450863635,1.0215441768066,-0.777278617825266,0
"24",-0.140568007734062,-1.17491753444068,0.541125512357753,0.62082782678413,1.8908721469275,-0.182299704087072,-0.957619406184402,0.425393728475821,2.33746255727194,1.19240280233889,0.484022093803449,-1.50797367309994,0.797039073973068,-0.212178103596658,0.724134819400262,-0.183334457896185,2.06441750580298,0.202827038971024,-0.402725524542084,0.96219173693548,0
"25",0.895749695025502,0.695606237162211,0.749309225846395,1.29762746302385,-0.151819336482303,0.855580985037584,1.1813445638561,-0.722551457675853,1.0589790113364,0.0756149203317867,0.214185276530512,1.22143809613689,-0.0177617338343494,0.627810451297162,1.22151930921117,0.515806699459279,0.933551810757842,0.969037006357744,1.55130474960974,1.22668453442337,0
"26",0.525523362608409,1.5141409135863,0.923293262336856,-0.224726748351581,1.51923268176996,2.34606079693835,0.285607928629166,0.771303271304908,0.150987201544341,1.05604527115476,0.760274796746198,0.0666796307700852,0.933198068783174,-1.07944407746417,-1.03929222863342,1.01098308304029,0.53855339001336,-0.526337884848199,0.0963336917304496,0.856026193402762,0
"27",-0.522387756724772,0.64451824259678,0.583408428239673,0.975541419812269,1.10030689528943,-0.67449542431772,1.59576381250819,0.180899800626196,1.30937643651883,-0.793650251870856,2.07471437964427,0.478433031697717,0.0277312180226152,0.612155138434784,0.695596718999315,0.626473149986505,0.591734578941856,1.61794180714588,0.803556896097421,1.45258866659699,0
"28",0.820244366974999,1.31997099577241,0.363975637465489,0.179031604711581,2.11214550162502,-0.0445387238351003,0.919179529103815,0.451486045408391,1.7550894148743,-0.850289888365843,0.632680603971342,0.962744917558497,-1.46507370112328,-0.201533334682361,2.87704597095403,0.254455438202988,1.38860881942131,0.415851974477715,0.0152857550831662,0.488395998181262,0
"29",-0.136849486493614,-0.766652767299814,1.30096078736089,0.455359406971496,0.387197493561226,1.13999526759541,-0.437053986454671,0.379555885921661,-0.343534341828966,-0.0988133710556517,0.962517526962517,-0.827046285581174,0.41215270450953,1.75199662907892,-0.0952192265414653,-0.169463889573644,-0.586468602600898,1.73618541955223,1.36993415474106,-0.00688851273131608,0
"30",1.20135032522037,-1.3497227977805,-0.42785500197115,0.421883888085974,-0.320991604947473,1.1520008138845,1.07497477664622,0.157882966630585,1.1263641537984,0.613473650047314,0.201353887602311,0.643663636558683,2.82637982221942,0.0903955797828491,0.15876539016743,0.244734880474279,-0.825781620910308,1.7787436791851,0.0618915144680452,0.706034612463352,0
"503",0.027341336035767,0.876568248428447,0.918893246634434,-0.75229238953219,0.420779104942291,1.37657803780715,0.483789849961611,0.16816620582682,0.764491872967723,0.446016084723037,1.67539227501193,0.611995791743959,-0.772468808471959,0.953680562560579,1.12866841733317,2.55089760215681,0.238883345038405,0.348287135867857,-0.433188156157077,-0.642445756611635,1
"504",0.798293211030072,0.842104765894249,1.29104031515249,0.810962801698651,0.565490737167269,0.848656525302023,1.75983918504436,0.232920352016768,1.36401134844135,-0.502762893628184,0.72482469307529,1.53431153222985,1.35686403010693,0.421417833961611,-0.0262614517472151,0.553267671153951,0.101149227568406,0.411979383358685,1.03911371563393,0.0948568918168252,1
"505",-0.715532250783585,1.38494835060936,-0.371346921920166,0.0612632566806655,1.4871583848965,-0.111531441339742,1.36231894241054,1.12416824215689,-0.858530564748015,1.41700835642246,0.710001533596222,2.94932910403982,-0.471162944568983,0.832875384382209,0.827197745174031,-0.255059834466108,-0.184231041867709,0.393361137209636,1.16770700304203,-0.824052771388197,1
"506",-0.320922829244433,1.09958680589003,-0.0291738634191385,1.2865546227007,1.22378292754987,0.0964938448637396,0.625161117966664,1.33017584608859,0.800767192150828,1.6073743098675,1.37253725068347,0.596577300664744,2.291837699676,1.19964172334436,-0.628239557802613,0.0257654942135763,0.167861235931439,0.727021393706951,0.223604615150198,-0.375875259903402,1
"507",-0.712404241939599,0.468329471004784,0.652110576037018,1.56037336135631,1.25592843824604,0.870960577155628,1.29474245425192,0.308204619029073,1.84623854455055,0.0197413372265385,0.48087522831071,0.193754658003254,-1.25268401377839,0.355070876677326,1.11669340654812,1.5201464380893,0.218864742988424,-0.222640131413569,0.606067642251872,0.803453660564197,1
"508",-0.769271726012259,0.739168667510704,1.03607786251592,1.4052614918245,0.727658579858689,1.57193517016,0.969326953374183,0.306293498238637,1.07546214217451,0.637466344313002,1.31225973313335,-0.0549065122661274,-0.464843640736617,1.88980414990314,0.481469929187742,0.159606412081505,-0.657467324845274,0.0144347986961618,0.0602535924722769,-0.638973129047785,1
"509",0.62964983828769,-0.0316978787315694,2.197476384911,0.0314877769993203,-0.607652663716392,-0.662454356451998,0.432288314906779,-0.0334771660026216,0.285870495051331,0.674097906596459,2.92317854861189,1.64162330934501,0.986047283479725,2.32689035715891,1.0605522749619,-0.213397532439874,1.08506218327288,-0.90323888089534,-1.09567355450107,-0.5427062177257,1
"510",0.495333787413926,1.29573242124085,1.85683942754431,1.64157866690686,0.789708519350033,0.784263866215187,1.82479210742703,1.3223613829751,0.209599305293497,-0.846906194039665,0.31230485313813,1.48594687384985,1.5584269901802,1.4099492814346,0.553789463522263,-0.138535782296127,2.78165379060298,0.153216336003691,1.36449401626214,-0.0708299490048456,1
"511",-0.2223496979543,1.67647417309933,1.49264450240282,0.901528331062992,2.24579089449527,-0.669599430077234,-0.236363803104863,1.67112005705502,-0.190659685060511,0.902945631113671,0.606172662830476,1.77535214826767,-0.710652408389302,0.961966518101959,0.709657767552354,1.1435691592281,2.09953561044503,-0.192530370712143,-0.681843750501217,0.791593721790669,1
"512",0.162008319819305,1.32674872995953,1.38243160695798,1.2461352585025,0.429617433241183,-1.0205397380318,1.09699792370667,1.17242555873506,1.22943275878832,1.76055375190635,1.28926093042284,1.76603210245034,0.459983761465885,-0.326734896781341,0.642851874209166,0.503900042043287,1.39128096731207,0.53975675346393,1.24651712455211,0.949315970331346,1
"513",0.486156061990243,1.22385342981528,2.08494609073701,0.753414497820297,1.57407629025067,0.70944418922645,2.26926858738175,0.752364642274834,1.52901995776103,0.976927438486846,0.597784564526122,2.03197983070709,0.710636137487607,2.24380227952227,1.03452685885567,1.33531180049172,0.771902206770419,2.36521834329177,0.0877270711693905,-0.188837535334198,1
"514",0.522157932869324,1.04175297379005,1.84191289465952,1.49314469618996,-0.13055680575498,-0.496425521287769,1.64867495885739,0.937337441455826,1.69500383525041,1.18132944415928,1.66136007076216,0.540137889603389,1.17558659986901,1.22757759286593,0.807985099333743,1.7092355442896,0.195288023022246,-0.263809230347558,0.844204923580977,-0.748598998741312,1
"515",-1.01890024755387,1.59060433908583,2.25903871544032,0.266084093087201,-0.194518362383757,1.03743885184607,0.379400504787147,-0.377866903647625,0.699589254352887,-0.647767754820614,1.25579738164072,0.65166438318326,-1.16958168250626,1.15924209599173,0.563100014841247,0.443008482374571,1.21633506830035,-0.429987885993402,-0.121621370567331,1.26219646634278,1
"516",0.199583906788524,1.71353989675597,0.87447797187798,-0.731438487302768,-0.141927576907503,1.04580941303756,0.659778413092168,-0.179227950795806,0.323404489986449,0.732742221200857,1.29001223146311,-0.234385876342375,0.26191043907909,0.658750055225272,1.6071548166806,0.0889684362897678,2.17616970241307,-1.16807375032437,0.0130493984583996,-0.372560390161281,1
"517",0.473368485129187,2.06424883291499,0.846401841721052,0.931378767826381,1.59297621942454,-0.635107627000543,0.126529594457816,1.50562243541114,0.891954418009451,1.20106495137512,0.749598064247413,1.97518831403126,-0.411003103491912,0.681601436250774,1.48472960814669,0.179625924467683,2.06940851095711,-0.243149886979463,0.994896695248241,2.3346898015083,1
"518",0.604613178897908,2.719848062693,0.840344087240082,-1.28807310372737,0.0757364277392018,0.48646598216157,1.34055715366417,1.55407492790565,0.427563925473694,2.70944643185492,1.34955454589496,1.66544842401809,-0.0762400540359707,-0.0179412731651823,1.82251674725762,0.607083354451318,-0.428364893413214,0.728049162337104,0.652741253757989,-0.160732308741289,1
"519",0.117260106798151,0.707479721477475,0.666117700431467,0.140278231749844,1.38705246469914,0.482784768214365,1.28696137047182,-0.713806046332043,1.16467130586051,0.544883338186634,2.14366604975915,0.979480414781118,0.690339880632365,0.550645183578622,2.14598370260312,0.818405217507374,1.69790926270594,0.385122093939724,-1.16724051074049,-0.245867914080506,1
"520",-1.3458184943001,0.155807130703166,1.73266216263619,1.92408877908204,0.670543256626601,1.85252034400034,2.56572819148229,0.334356810329923,1.42302162286705,1.02778777606451,-0.294045649028515,1.62891466370164,2.81416404045931,2.37623615321522,-0.0989608842899274,-0.233265221892916,0.333362599339848,1.42370751071212,-0.711116382593276,0.0234215651070721,1
"521",1.2362441524523,0.629598397069101,-0.187387474392057,0.315001526761648,1.04074934539799,-0.384429730788825,1.27680379710239,1.38070074139504,1.51307982511496,0.18232951839396,1.42104358160744,2.38634958767754,-1.06694376824948,0.110910088761648,0.268509720216123,1.49992645966677,-0.100823742292282,1.08648113973542,1.19507854532339,-0.849173115084498,1
"522",-0.488709946586211,1.3593419056332,0.339611335197371,0.0131179950249122,0.67839127810382,0.47249548000039,0.257506700370041,0.632238826666883,0.809876055230858,1.56315368308588,1.30926459907442,0.0598109917198738,1.0034004197931,1.2749113199296,2.02121529757677,0.440565004741598,1.01285508281342,-1.70845684652016,-0.913585288369018,-0.95063011635386,1
"523",-0.471551030183393,0.958551802949514,1.1180596082833,0.88170925407735,2.13070939256131,0.94600825160286,1.23988126640194,0.361386326555058,1.19320648891342,-0.432970292249473,0.623981217962208,1.24855966044851,0.368392262105052,1.10310711015172,-0.589782611203741,0.398138222907834,0.931657081989979,-0.706211784963578,1.03118735694311,-0.0634735173894653,1
"524",0.436413328445825,2.18540890724021,1.1997001545957,1.32729083993276,1.02779450409125,0.0801449570036603,0.672120385793125,1.65097304722254,0.717572476807086,1.32237914396499,2.18572444531002,0.735776800296993,0.0154645357296229,-0.241128612596854,2.80219435667889,1.41471152912035,2.68795537683709,0.456478105186282,0.274996667549042,1.45435610810745,1
"525",1.23404444408851,1.71903871363681,-0.293174877340747,1.39298365374358,1.53288686609117,-1.0611778555639,2.2017538542524,0.461791041920758,-0.991814884494468,1.88151379314622,1.1047246482716,1.13411423126356,0.544851452010163,1.44987166361358,-0.0839313417831558,-0.572123927018908,0.151187571209041,0.0746323731302703,0.754991527682308,1.17116461562537,1
"526",0.803756443588494,1.20529660983715,0.719097567905475,1.2481067785637,1.48632743461424,0.404273521343466,1.11426393735028,0.919994754426288,1.84341901877818,1.61808343898873,2.12964393310303,1.99884279537138,-1.08966423326407,-1.06819531043653,3.02929471317591,2.67656048711032,1.67858450429653,0.819772076471217,0.759069581531567,1.15248609193277,1
"527",0.442287080421328,1.14674579164196,1.43038023861372,1.16804658883328,1.03985421618992,0.628214360706853,0.0789531205357362,-0.201085030650175,0.0272292969320956,0.637866609258361,0.202824885476064,2.29166408807758,1.45701660914805,0.519468924218587,0.745677071514106,0.791214839674485,0.465789885667023,-0.587551260771734,1.32020359636753,1.41869953359486,1
"528",0.742416122273615,0.369492530718007,-0.443230480296258,1.5221793251994,2.29990176445208,-0.632531566609253,0.950478202734851,0.55492115441221,-0.119961540033463,1.21143575376507,1.27286047222446,0.237102519665765,-1.00995034526159,0.504425961831476,3.05587656916501,-0.512974494728663,2.33657092857809,-0.242971210355239,0.203310163660669,0.748813373812521,1
"529",-0.93719727635622,0.447760015072452,2.20582860372272,0.91704369080012,0.42552395987287,0.880655014172085,0.449189138907063,-1.17319365365863,1.49334338732083,0.387387112464792,0.377245542400198,0.761838791670958,-0.278286612599292,1.59731544875535,0.771179601758975,1.99229204306705,2.1383768471511,0.0743630474311918,0.212007454771445,0.438041593754477,1
"530",0.516918988465241,1.2532126497419,0.307237508825426,2.06197696743981,-0.00556685500983101,0.994544779109512,0.43884681988592,0.559294575556678,2.12871953974602,-0.426607421751378,-0.325544230908662,-0.249924868010025,1.3416033541968,1.75377081094824,1.31278534129549,0.637803688484368,0.123339910266527,0.623078256394183,-0.40358003644958,0.217348233378996,1
"531",-1.59663044834845,0.34581181176549,0.561172683615774,-0.100511261608603,0.923375850263364,0.744157195673165,2.45140666807056,0.185036411062812,1.17609196880503,-0.249806454360783,0.648472879157989,1.90916172192204,0.0934050293874693,1.52017797660136,1.00498494646591,1.36604362084894,1.83844664275308,-0.00862494783832884,-1.40047987446488,-0.0430294628051268,1
"532",-1.06065868247482,0.236620347172777,0.785861446255405,0.431543135403088,0.332653462823666,1.03619930762727,-1.20805409589502,1.07185272211244,-0.146819624842107,1.58113467323053,0.663242095324658,0.820806610364428,-0.304557838302823,0.857528956970309,1.39516786692849,1.92069821102296,0.137382776958645,-0.0223939172633288,1.31400460646438,0.407725765084097,1
"31",-0.130734167165213,0.295649061107813,0.00956268427060258,0.608915278639842,0.558922663932877,2.45921650675762,-0.286472481071288,1.10456027130214,1.02971471335335,-0.0113151337781837,0.195792703681129,1.10892304417059,1.8553290936441,0.683557332999782,1.50822998083052,1.1406046115754,-0.808833241835804,0.333194629766295,0.742997190105197,0.392706209221546,0
"32",0.924511637656351,2.14631068277706,0.426980371811449,-0.663702628248851,2.32648675686554,0.147633912874631,0.638730757067154,-0.376050449561369,0.282383848511148,-0.190657791517353,1.447551519625,1.55281726058629,0.749093141023659,0.991530814705475,0.717512907853003,0.0530979239036283,-0.121927524062333,1.59504157780638,0.678919143893236,0.0084346149533725,0
"33",1.54990665915389,-0.516226194467353,1.18910253594532,0.119931471488857,0.592966277251393,1.76937458801882,-0.140227863673007,1.16689442679999,0.130830987153797,0.591762218466258,-0.358307245241589,0.586437030122186,0.802337333528273,0.295854265900096,-1.06043053773579,0.758120422252243,0.0570225931714951,0.736157196523588,-0.267861297180326,1.2171316397051,0
"34",1.02535247270807,1.26535465040816,2.60946636767131,0.94636711358887,0.707721873406121,-0.614313140007087,-0.574785195512478,0.00925281763427489,0.321704030332809,1.71764093046363,0.38606872603811,0.523960157125252,0.453369015710618,0.459364975927267,0.906205785881353,0.197569086007351,1.14316973243357,1.37891267310308,0.898879761722535,0.89282643837823,0
"35",-1.26913586751254,-0.508938404935225,1.72655025777038,-0.409712548099611,-1.17009799743811,1.7615299419704,0.0274142583646947,0.806016524788746,0.133935876382666,0.579223523663867,0.600931364869089,1.20481269751347,2.11779463224275,1.38826760211994,1.84903328009504,0.657796240423812,0.802220781438183,1.18013153847196,0.204788329353783,0.893875708740986,0
"36",0.558865172018997,-1.53689131248006,0.136539870376784,-0.874403045877187,-0.271889897962685,1.10356467214985,0.799721879692615,-0.862720272083375,1.63107206562168,0.914269089609203,0.606953354624361,1.30325215190728,-0.459128736030389,0.432837130734162,2.36753344864805,0.825345884427093,0.589895920561162,1.15251285495545,1.54534989641357,1.66144448238232,0
"37",0.897353886548001,2.1843704341521,0.394828301791767,1.65317311653283,2.07762565635045,1.21092327143355,0.447683676940039,0.598580088849469,-0.0206277105083511,1.10102403340924,-0.976890826404432,0.535096534892414,1.36169259679036,-0.440494466542628,1.05752462360594,0.42763562444813,0.724867765093621,-0.0692875910446578,-0.836599942869876,1.16165753349359,0
"38",0.498121120392364,1.08419468074462,0.768497724219183,0.686097069291072,0.911157606113654,-0.788618330223501,1.25524952840709,-1.77250134211718,0.863575538679713,-1.04729892663871,0.550360769683122,1.24666051432045,-0.540152443849427,0.0195680082241294,0.808297482869437,0.739856152699872,1.27560106322312,1.10707694370698,1.83301520114591,1.9434313961305,0
"39",0.607760318569247,0.511781771536852,0.651417005972188,1.78112780827622,1.24250912973839,0.744593552997869,0.852716567854556,0.318110751284714,1.94313434805525,0.205403650380693,0.974479723104932,-0.518934294187175,0.0132206980415812,1.30634815154143,0.633242559019447,1.46854471935076,1.94252494128576,1.65867202640114,-0.217877184699145,2.6468545845267,0
"40",-0.264903173229674,0.40162508714098,0.828607215301297,1.03139175205403,1.55077967960136,-0.465413974794549,0.7197320747749,0.235628606932496,0.0773674626385648,0.286090449150802,0.441553867380654,-0.0548883117363312,0.528775346273337,-0.214993000080719,0.910206193562635,0.488090885994236,0.749564052073746,0.748203393802898,2.31472688934722,1.37894497767754,0
"533",0.251179468195868,2.21126720096955,0.374335201045154,0.855548167674845,0.73953654821316,0.451230134677986,0.954467306143621,1.50053077192872,-0.125679734345764,0.750997412859633,1.29917662764364,1.36821415914979,0.407898760949234,1.74370465954019,1.1781758303324,-0.165483077927704,1.86517792034118,1.04633479510419,0.523068354781936,-0.421564580163423,1
"534",0.764445962599793,0.223072404517659,1.00968727179219,0.140665370487072,0.192990536225742,0.925147147427872,1.08558176259619,1.12277775514502,1.81995464358699,-1.19994013818596,-0.377842563936308,0.857219871104424,1.30195176637399,0.541606008266118,0.26391457686683,-0.675165617006277,1.38599456046552,0.266024833553264,-0.244339286644256,0.875166908177081,1
"535",0.0185091560220594,0.401194329406775,0.913452241424362,1.74219860002926,-0.336300144309425,1.22944508298579,1.61590049920447,0.272275355873888,1.67312358666356,0.796926469090198,1.16661554305869,0.0321037503533318,-0.444029827580608,0.424131666325522,1.36393574094178,2.49594709245753,0.686444669223927,-0.716400423114453,1.57356545409587,-1.23756493147734,1
"536",2.14347376580746,0.65163430813929,0.0584466109809063,0.699558804753784,0.754414394291934,2.06179797216746,1.23222647238246,-0.542124470980005,0.945943080130869,1.84739033590043,1.06918828536995,0.223362626284786,2.77302333921106,1.76490660863278,1.19874787723971,0.235083636900776,-1.08353373879686,-0.247566876494105,1.67956051864926,-0.257756995006522,1
"537",0.767481158689269,-0.207402217481584,1.40572230744444,1.71504455369638,0.772515749676494,1.73820098103819,0.565121227479105,-0.901722706070535,1.46053932677547,-1.0201366992183,0.919899084511392,1.09255682773515,1.0281091800205,0.694527047975159,-0.523851834180858,0.00758877391117796,-0.174027936597912,0.784792349235252,-0.350172923678596,0.0290759051686013,1
"538",2.38247141737186,0.890343858503232,0.429675268276196,0.740229086516788,1.81502591805283,1.01194782741742,1.77488420327415,0.295959881570907,1.78538644388789,-0.426689992518527,0.770545297952137,1.17118908701378,0.449637425213302,1.84958222731417,1.0945530721724,0.913259571391967,0.559722376680512,0.201477773175128,1.39919435660341,0.625474999258584,1
"539",0.239781385520531,-0.167407295437763,1.90609713306521,-0.27642501388363,-0.702472331538349,1.15664696881943,0.159622702084653,0.0485585704443692,3.00106082045586,2.83720503070831,1.58627468846849,-0.204402272927575,-0.752767450557959,0.608371423718271,2.15242782074692,1.26364032049665,1.34471709063547,0.0840636773164914,0.700464186499784,1.50748860969331,1
"540",-0.738155558162671,0.290978708310434,1.47566972399762,0.675563654732718,0.383797152608634,1.35416447403454,1.1203162974945,0.491726070205791,0.745566734351963,0.473278953467056,0.233475156539484,0.954445992614474,-0.18536359069935,0.358296167794601,1.05533658288878,0.625998643140456,1.84234545661938,1.89227059597498,1.12456127061835,0.958429144946338,1
"541",0.319492070656293,1.09495885376406,0.558476889555793,0.853173566693022,0.625260103958387,0.967419865794848,1.57227846125258,0.968236639021875,1.01535428996056,2.07015429320836,0.959778828217541,0.667112768362697,-0.341817811964716,0.403215882363568,-0.0810920013782106,0.485583049657326,-1.55600712650198,0.740928770458872,1.20258405395144,0.284088722696387,1
"542",0.827135463501811,1.03689199990174,1.50766917054734,0.845205886466841,0.589477860485131,1.67856021990579,0.532711457117997,2.07888254491905,0.316362386036136,1.19121530685308,1.02815651491115,0.665904616225028,-0.933281202895948,-0.383349758198924,2.75530020478447,0.512746993669725,0.479150606349092,-0.349120267216873,1.30427132845798,-1.08952411941631,1
"41",1.46797682544435,1.35424963401102,0.584793954641257,0.434116694570945,0.79099942259063,1.73334213042786,1.69364738687908,0.840267451099923,0.861179916616403,-0.381730213102001,1.52123530802256,1.04531860469577,-0.0687294553783364,0.773824624088935,0.453472986403558,0.343737916257426,-0.171889622754952,0.119076757087746,1.96985045880333,1.01292939387671,0
"42",1.79898300494117,1.4387335119505,2.06891207648856,1.67559786754051,0.0691013660930516,1.75264015272641,0.789821795485419,1.49371862582443,1.17732028636679,0.746301419342927,0.640801953979239,0.530378541013798,1.59023450938194,-1.81148321869017,0.013826225548757,0.86901830870702,0.349733679227064,0.250559703192577,-0.972919120960153,-0.013161559965581,0
"43",0.327275583627507,-1.23158460195612,0.373231420697739,1.7888056326599,1.78055105379867,1.37056441266693,0.2162851684595,-1.68167181284509,1.12959723266368,-0.285026168280211,0.384203371474873,0.697851320996873,-0.0285243244464555,0.554663126559367,0.59126718911954,0.324162384267049,-0.387456262711748,0.748640657091435,1.02354814612279,1.62684614999895,0
"44",0.547536712249231,0.680312419318474,1.51106082169895,-0.932018415847194,0.575131043353155,1.72756809287303,0.335831833850674,0.677510355152905,1.16165729234983,-1.14256279085224,1.67077127647704,1.16813136375782,1.79636219892019,1.22808259578041,-0.420995731717142,0.743679569828094,0.334376309779377,1.40554383368634,1.51439161450479,-0.160578192049539,0
"45",-0.417453593821173,0.820747223045692,0.910773416434811,-0.0749071443578468,0.603785563231371,1.22992970703859,-0.00291168194796843,-1.29784467201056,1.1313735307121,-0.457494748118834,0.872963060771594,-0.210423228128948,-0.429980979016049,1.46184931367498,0.318116140932717,0.238889961729378,1.85901561851568,2.01083574797181,0.761106305391058,-0.216905756839243,0
"46",1.14048008269513,-1.64685803811262,1.0836702600962,-1.01145884800097,1.5304963123219,-0.763848847115409,-0.533330101097847,-0.315251310421616,0.454035681715147,0.232498892626919,0.585570177666217,0.806179817223787,0.136976059171958,0.518313859577698,0.229127649605781,1.17898151253553,2.24049168486585,2.17908093999257,1.15429216303207,1.66845309480812,0
"47",1.23078584655279,0.147597639075939,0.264125660816632,-0.0311871668408568,-0.138617693193539,0.967846120716695,2.58175888771285,-0.254299725799438,0.694069014692784,0.611496555581972,1.33328108914561,0.0480590908837153,0.364009280584477,-0.403264680982302,-0.490398941172908,-0.168685547124929,0.933087093938106,1.27899166345036,0.708151472092741,0.254232445424565,0
"48",1.56804644440261,1.00937721029404,0.759759961117571,0.579996295050657,0.950436022064298,2.46208259681134,-1.01137192050178,0.675187965365525,0.966535794278209,0.65345976630092,-0.355073934656619,0.0935905472734579,1.94589174133248,-1.12924797031245,-0.47778171342862,0.267920795999398,0.0447955012863874,-0.0858773217030144,-0.268149033317339,1.65263897277195,0
"49",0.692604883060774,-0.207728807510519,-0.0442138568164471,2.10846950255986,0.987571785505038,0.215826672573464,0.758036961120028,1.18811849579001,1.30904652633244,-1.01480528880515,-1.16396672482907,-0.788488548748158,1.24638347635905,0.740746836988865,1.02956499023272,0.223166866832454,0.42059844445387,1.00277796906839,1.02371594448129,0.939775815274838,0
"50",1.07736632688741,-1.23947830532539,0.0629901524507487,2.30951129744139,-0.86171320183585,1.36620980547906,1.163833381755,0.499942251065268,1.94416320937948,-0.417449425366588,-0.967724400915245,1.04800514482897,1.00904357928643,0.020653975296461,-0.237047808202152,0.728918696797514,0.429632871167812,-0.176626038809934,-1.47126580640579,0.163308246181143,0
"543",0.465038431908818,0.914748129952314,-0.417375122418281,0.952746380572988,0.736703097156322,-1.76672412279717,0.445702483636332,0.80977071639755,1.97120120605292,0.414786078603731,1.29424950312925,1.47347306593207,1.03965376060152,0.997271173755938,1.62715643268832,2.47720933758503,1.62446693923601,-1.06079601964399,-0.694986564349895,0.687281995484328,1
"544",0.349567909925843,0.280968154991494,0.140233023601164,3.07533066556447,0.441220080327954,-0.191635896741176,0.89741994992127,1.0290200203738,0.800940980226762,1.73876906789442,1.47251071225592,0.908172517299631,-0.50550668995314,-0.357203199610506,1.98487331100591,1.75673752038186,-0.0858584080513994,1.10510647802023,2.33292320631568,-0.159860331944578,1
"545",0.203709967713163,1.7596083981925,0.377882563583697,2.08616094968505,0.586079927109024,0.955295334783405,0.427935544568822,2.07618082315031,-0.516268174413516,0.130547658626303,-0.0682131526204086,1.61074421151625,-0.810916712657166,1.14815795534844,0.896939554138866,-0.481558636986308,1.39814765588697,-0.012172456342601,1.58979124261259,1.85801249472411,1
"546",-0.479689149104146,0.572369646220211,-0.0789207349180328,0.583694463611059,1.60374413434958,-0.516152294451715,-0.362620002970865,0.574969768254863,1.17999869681226,1.60679127545328,0.195641852056789,-0.271369611417201,-0.748788117516195,0.715631287678613,2.56768599109051,1.07776614797212,-0.796399774172926,0.691217400347366,0.650831893763178,-0.043987060339844,1
"547",-0.312334625681906,1.06966813875557,0.774184066023638,0.941724686270057,0.171923759932944,0.796653300967331,-0.153066371044495,-0.482801066964778,1.21368600708469,0.372445335851536,-0.341513043679486,1.14595415802222,-0.0436360039927997,0.942423858036432,0.311073486435179,0.169224336946977,-0.782225166291404,0.385027416264579,0.841567958635477,0.614957174434614,1
"548",1.45198105022145,0.690868760162143,1.14660761822907,1.04291845999851,0.201241386139434,0.216255272675247,0.711211724037583,-0.993071056512117,1.45912016692824,-0.507732628481542,-0.300533778074266,1.9973656305103,-0.305578339320088,0.30059250077692,0.932699814042392,0.0484745164939646,2.37401308717221,-0.757038760452216,-0.109432060441078,0.682678873383589,1
"549",0.625305548476547,1.53143488580208,0.325236263471016,1.25630658163202,-0.262073973965504,2.43283873335064,1.16808826291299,-0.818374214803132,1.50847955218873,0.83562359249525,1.92169267968047,1.90020534475823,0.155218372732242,0.844432979348001,2.40624917016727,-0.311209694053035,-0.312372242294343,-0.57911605334458,-0.652301378627151,0.99381120542078,1
"550",-0.129252358441905,1.64490914084699,2.73932842362618,0.221985317027573,-0.884082387355061,0.574672248738725,0.95387028733339,0.242599485584766,1.21023055834936,-0.0304945707452504,2.2062551696374,-0.39546570459114,0.91938739223934,0.972226224126359,0.496477793168398,-1.70129081208979,0.209937391214444,1.21002387827894,-0.450019255590783,-1.12765534215264,1
"551",-1.85008685580316,2.04426562848217,0.534443117056595,0.710873761495369,0.958343619864368,-1.18542668269604,-0.301796639308895,0.106950558925556,1.11007015987703,1.27526175729399,0.424878754906622,1.742330124561,-0.192520392313716,0.544650082479472,0.726207115450329,-0.54862288419793,0.788882490374271,0.436377334002348,-0.207132290619411,0.441741377212923,1
"552",-0.417967083276142,0.577554845945629,1.68779315975639,0.592575148124537,2.7490339118128,-1.81551722342658,2.21318063262649,1.81307775716201,0.0011046431400078,0.626604018624144,1.31904702881653,0.675029313703478,0.204590506901074,1.53717892281437,0.523823319903522,0.852519508334602,2.09113970069009,0.66710142549365,-0.430371299039375,1.01188014746852,1
"51",2.01961730768248,-0.488797928201797,-0.093527230676162,1.57437673542886,-0.292479961754486,0.556128575891118,1.41349921719599,0.0997996693248053,2.00137572602204,-1.07831956125062,0.87165712553022,-0.267483794009028,2.07381418651758,0.00700751033668029,1.2238718530439,2.51170722206743,1.14198743626146,1.1451819576975,2.18701947725549,1.49199207128634,0
"52",0.226818930544352,0.101009090488388,1.3580360198723,0.0352565300443343,2.14131211506521,0.374964866619879,-0.926970594126858,-1.51697455068733,0.0644828286444982,1.16555321485763,0.694818806158907,-0.399923079173885,2.47553964458666,1.27304007806061,-0.0636289062287761,0.20169557830132,0.0567568328151843,1.7109654626206,0.987341435934211,1.54394216073606,0
"53",0.513658323675418,0.696771491936705,1.61490151883369,0.718002749360418,-2.05312550328602,1.03272293916427,1.00345460283896,-0.249162472252863,1.14543088424324,0.978994580827561,1.17505208941344,0.562753712346661,-0.778945227113596,0.302192812292798,0.4813511648875,0.222257714117058,0.629969139451569,1.4496074228444,0.838821910496652,1.86839826750203,0
"54",-0.564449236642656,2.52193227886202,0.979688440754753,0.205666669631958,0.754345649776624,1.92497056994411,1.68146242094957,0.559559790582339,0.0832902509178565,-1.15429950449607,1.20811304094448,0.343996147539936,0.757825845913874,0.958486590115873,1.7614653976364,0.0736660456433146,0.281512043844285,2.51683943840793,1.85366927796514,0.100208146202573,0
"55",0.269014608358959,0.385591878595456,-0.288918660380699,3.01015461860869,1.05502149413047,2.48335318891196,1.70180095478378,-0.360975706188996,1.1368263103828,-2.20897378608141,0.213587427384878,0.287456424875744,1.1966405777405,0.829890600637092,-0.164235013681814,0.768378838585957,-0.617777978992125,1.04419075207791,0.623376218276692,0.616267295791395,0
"56",0.442192523213888,0.561042677976104,0.836031962950037,-1.3674664302847,0.123814810803431,1.99685451104107,-0.474294893814631,0.476294644544231,0.267929214110569,-0.747742415074734,1.01518022069659,-0.633947129177429,0.560580025552975,0.592972840846362,0.322179352590797,0.750563845002571,1.01134834557598,1.79464096748222,1.47426680216568,-0.206856979882152,0
"57",0.184627815029728,1.05777138446127,1.22113759816022,-0.80063376501837,-0.168575534037162,0.935029033611505,-0.441097538323537,0.0132141295250932,0.665425291200889,0.621980542968202,0.890445194269537,-0.104150033032168,-0.0363518478046899,-0.353930257383513,-0.52265046565823,-0.504204314034006,0.868296183518568,2.33379606123458,1.86959134661641,0.519047688309322,0
"58",1.64617417315755,-0.531866490392734,0.0600644995499485,2.12292248100601,1.56905802981982,1.95034179392866,-0.927997946718109,-0.845671974862984,2.83323308754601,0.79325116532337,-0.570441765656622,0.35733406399146,1.62767931195448,-0.208812500744536,0.168880620908017,0.0940616793607773,0.129151526531093,-0.669434339841997,0.304681679112077,1.65906793249466,0
"59",1.15917313425468,-0.442848950721421,3.07873400375311,0.135944616157765,1.62534526716514,1.19168628596908,-0.532462690895707,-0.222749229189328,1.8530082458669,1.18178273692449,1.51524199333839,0.220840245881262,1.96295430635469,-0.20881722226047,-0.2148133631825,1.15215213874641,1.37758659352327,2.33860403543299,-0.399180134000813,1.07141368505496,0
"60",1.08621264093386,0.848391282143312,0.80182736960555,0.968847447512904,-0.781798245820369,2.7442388766182,1.04323990208389,1.13640239590468,0.795320704879779,-0.780387493955518,-1.23790452781581,0.768318689681214,0.396178740293183,0.281740887139988,0.330557742488391,0.685944272184708,0.215053966183389,0.334738299959947,0.0284460417282053,0.894764933762103,0
"553",0.199645928480719,0.982696985481083,0.641303436088533,2.24569728097251,1.05799160487296,0.170394910169625,0.0695856057672039,0.755375187528803,-0.166381904185475,-0.102930455263101,-0.719704314830433,1.17895825700702,0.32856062158955,2.41892364563866,1.36653377557227,-0.387469997659172,1.77818840324214,0.520386932161871,0.675933929707713,0.0219976990390066,1
"554",0.542705295716298,0.607001678910535,-0.519534721083952,1.73546020856844,1.76774619007343,-0.10128343936299,-0.720558168841817,0.837217680170767,0.628193655383898,1.26355499023251,2.0759696364866,1.29123378228029,0.817038165062499,0.172593300365936,0.729507876968518,0.730739726876196,1.81321468527698,0.831346669330584,0.587981472804393,0.50003715830114,1
"555",-1.53869826099099,1.57495825446212,0.733250608605706,1.41311463334975,0.823929208624528,0.658646214000533,1.53201540799402,1.53365982224873,0.838132946494078,-0.118338250053897,1.43387984172729,0.718651098527033,-0.102865207744708,2.39737762028587,-0.0448639503040299,0.0939930188785678,1.77074577472621,-0.814235080491098,-0.253177978805424,0.672474234977812,1
"556",-0.835180356837216,0.752613966829176,1.37124080261433,1.27775633220067,0.776385933373636,0.889175477684485,1.91762419519238,0.219384544056459,0.724239911163588,0.195068864748254,-0.363176528980618,1.98895873637087,-0.70372395392059,0.805967906012941,-0.27629844086495,0.579314039616261,0.844886172077668,1.3364524127142,2.04452382334346,0.510255507553,1
"557",-0.726101462401501,0.971684486592369,0.654592400273591,1.10645724361763,0.790430927578652,0.627305579741809,-0.138919446693033,-0.505729164373179,1.02435137744171,-0.215177936951079,0.875560154267666,0.855309768695307,-0.236483418999207,0.654563048144967,1.76074342497927,0.0757269832212979,-0.0754820732526326,0.30973979463289,1.53073417411642,-0.942194600282314,1
"558",0.14634041267056,-0.833694771420896,0.409268471529248,1.44490561739265,0.67652095246694,2.18834451317939,-0.406724248646894,0.0975605327847646,1.35267031089768,0.0900015574518722,-1.54049342704255,1.81185777534758,0.807093458575698,1.10355844629069,1.99045253801366,1.92203436332839,-0.0371190480554322,-0.0883336042431375,0.199650257578593,0.993414180979038,1
"559",0.0874472742957868,0.789798208489724,1.15483738978517,1.27874206489833,0.424094869333409,-1.03580837070774,1.17475561409177,1.60163322340425,1.47289984123392,2.56073156838191,0.987686157010737,0.888482910713374,-0.15606255207274,-0.781966098726838,2.33576102852666,1.6301673037802,-0.858367075800939,0.193380524521306,1.67529499062129,0.848454823960776,1
"560",0.188491742998366,-1.24431450619683,1.83758807136444,0.00966679155787142,0.517555415175684,0.0800963277062352,0.638137731452356,1.34558100157796,0.806151021339007,0.438247403934676,0.805590207961035,0.761810806883224,-1.0966645787287,0.208777861956059,1.14954648935842,0.784567846223861,0.738618088644987,-0.30511639349905,0.271141431344338,-0.382051566512893,1
"561",-0.405047276208667,0.578660873920795,0.542399949011718,0.348902106522709,0.612727863543793,1.49268456432731,1.23252534536003,0.208012484929187,1.37345118983377,-0.225208342736606,2.11842557919103,1.32180174115748,-0.0827380692201437,1.37111136751995,1.6363735337471,-0.188061619136905,0.723781441978023,0.285315453280895,-0.557554116468221,-0.324910301795462,1
"562",1.19557506556475,1.72764752806939,1.58992626728479,2.76782448993533,1.2110598004297,0.400324812436663,1.11251005844942,1.03431638909741,0.369764725725118,-0.150577565840199,0.599922680365079,1.8918635563971,1.25532072311287,0.647967193615372,2.26503488329679,0.808821009779486,1.31889192308945,-0.0618100808230303,1.2999377976429,1.18454264973286,1
"61",0.695436224953185,1.15037672560565,0.758034370592147,1.69872068470248,-0.826760548079354,3.04495958846515,1.30512385015655,0.536635892566341,-0.890329971337646,0.786201894065173,-0.135774968909925,1.27108306098051,1.34170375983666,0.431962909775392,-0.509892572248219,0.565697072914149,0.25416036423355,0.534916253427752,-1.11087046046608,1.77383795418498,0
"62",0.134944456294759,1.32122116363761,1.14861697751268,0.462132021748022,2.74232967745821,0.489899751716638,0.568952026666442,-0.421908125423026,0.507175846381219,-0.647565803912743,-0.423307635442253,2.10608473862068,1.4443234987706,-0.314680394687448,0.762097974387172,0.451152014926971,0.081233896177841,1.17086801345471,0.420307328142142,0.425458379399452,0
"63",1.09841735922374,0.837218799418725,1.64647036190096,-0.303495872675289,1.32088928965104,1.46576377297936,-0.0389036164266019,-2.58523200901596,0.810034085029825,0.0545378942021003,0.485273872530936,1.01265264566098,1.24346835718341,-0.212983330525912,0.467265588470328,0.389247704728849,-0.255656923754317,1.57343412042509,2.48164980291856,0.292541071203504,0
"64",0.430919789576172,0.743345138923542,0.668589669344443,1.18844187116588,1.41183120874356,-0.387021768812588,-0.740943888237491,-2.80903620189077,0.930264159625503,1.25883656881752,0.224267795056768,1.51115977680592,0.462318882397293,0.646590179623466,-0.36842483468205,0.680045525888997,1.40900093646507,3.08547245825065,0.974931515596932,0.766864973676026,0
"65",0.987670691006823,2.4402502611753,0.566750461314198,-1.6424100325895,0.644890121693549,0.782891640411302,1.59527789312268,0.282028930897002,0.680662824311237,-1.92174531079283,0.266355410189873,1.12138345010203,0.557211604744838,1.15497492952089,-0.44184203210644,0.309970512363043,1.44384149059138,-0.658187169045937,0.483961837689486,1.09642947173,0
"66",0.576590184022847,1.22680236390685,0.52901284907277,1.51547469839329,1.20005922349827,0.154883057039242,3.13802215246686,-0.141134642596695,0.0719412121301494,-0.607161691326684,-0.129527288747213,2.06064404589553,1.47688616522072,1.38861993473768,1.10789574112214,0.297860655719085,2.00173847320839,0.0661531923326844,0.480359936794783,1.00192993460995,0
"67",1.10173553821598,1.4331151858558,1.2742253064007,0.250564901313293,-0.00215651912447823,0.272599133886495,0.736860328471127,0.0191516444250893,0.381120078464255,-0.999378820710137,-0.335525359232468,0.766681627865179,2.34630069341478,-0.104656317516292,-0.337161072951229,0.696695332208556,1.47333306535143,1.96000204713173,-0.335015655133751,0.365770731343134,0
"68",2.27991398388238,0.672283763587897,1.23622828402056,0.441989998624746,0.583109042111329,2.33554864754707,0.860599806836552,0.769127831547923,1.52148709180388,-1.95990867537602,0.288284054486501,-0.463452434297536,1.13736277115507,-2.26002854090543,0.50942982462271,0.498977940196485,-0.0212793229297221,0.343257423716299,1.71746326121619,0.386685431070428,0
"69",-0.288068143123264,-2.52451233222727,-0.148541396225032,0.763626014509544,0.64073873910936,1.8123822640078,1.70485938129445,-0.238095965789969,2.55332163144794,-0.114574048970347,0.572071508684723,0.591672824040604,2.79859355847459,1.94868468585107,0.14040375065229,1.73552165978384,2.02026961144944,-0.437233335907004,0.187815637000511,0.985092378243074,0
"70",-0.635027713015109,1.32173049047334,-0.199920847287893,-0.873327342881101,0.761258677828518,2.61510579553115,1.62536028748198,-0.438888948751603,1.20764158279546,0.932569978548615,-0.0522679495766452,1.78169095837894,2.90630692935906,-1.33571652739471,0.192296534543711,1.23093537045431,1.87243571418056,1.31835788659351,0.828310793542251,-0.923385309811306,0
"563",-1.27704080944232,0.147022593176063,1.62167809462817,1.55596259322734,0.745381252933241,1.14918465431385,1.13013615453806,0.369469958807038,0.660086676129612,0.562998738922651,0.88240976784553,1.20691733678873,1.31683864580497,1.27423856820104,-0.670294864660255,-0.80341016225693,0.163947355172991,0.431894993626549,1.19156298469973,0.0679758330323651,1
"564",0.268956737033938,0.452054099212675,1.2845235371666,0.0298987118381706,0.753319344090281,0.87450713574601,0.126154745685316,-0.958787297842115,-0.0430985673200811,-0.0785911405526227,1.11027810242723,1.88245448815701,-0.600179532191718,1.31997199564363,1.33658691870764,0.0817958830442569,1.45122096612451,0.769051153440015,0.543071359091079,0.323223211091439,1
"565",0.104976252750629,0.155029952723384,2.78102156509289,-0.204778486911847,1.28294276930325,2.62336141031549,3.02498695245482,0.39011273943492,1.99485315162377,0.298400473297785,0.00914067963262055,2.09909878011735,0.682885377060473,1.98447360715667,-0.0030793704712575,0.545833169958955,0.305600818173796,1.10176085812961,-0.264030715849001,-0.248877865812173,1
"566",0.331809143517837,0.548961533591897,1.2813730774952,0.848425498878813,-0.166929472389772,0.896564629389167,1.79043747865412,0.24296327936954,1.17113433733524,0.0701522516443753,0.724604260776343,1.13082145180109,-0.760041292433549,1.2640239497426,1.16175528458582,-1.04361091403726,0.846265882758213,0.935708734308289,0.577673757389105,1.50305065930623,1
"567",0.0385982057403726,2.01397731792943,0.85409120529661,1.16628113841304,0.717060472336273,1.08678920482641,-0.438684233915557,0.536247908711633,0.378959977557468,1.29174282099604,0.998596787046067,1.65713965650035,0.488720340441494,0.889703173905837,1.36978351617425,0.985094317540667,0.202545481468409,1.46711878963564,1.6988908280645,1.02165902167413,1
"568",0.523768765442585,0.0420780786006398,1.2878809548944,0.888617741036242,0.512742833925571,2.3256706012795,-0.478925813037723,0.834878474025979,-0.504033772804443,1.38685717775565,-0.518947317116294,0.43771167166348,-0.257874458374333,1.07263614729883,2.10934542453817,1.01436260966362,1.08218024928102,1.74294073186404,0.628859792211448,-0.169812152170547,1
"569",-1.27719720484821,1.0126487534416,1.55611861652612,1.47703452793802,0.503525064150397,1.32949656038454,2.050947022379,-0.0578938348846693,0.173365564297828,-0.445440298916187,1.04402898427472,0.95167108803714,0.832357932035159,1.82510634541721,-0.182399067831554,0.558991920149861,1.0776267316961,-0.53613470438869,0.4754288132729,0.565307057519859,1
"570",-0.0658724166894388,0.804114076496579,0.906596178991294,1.48825318470547,0.86296084141956,0.611022443953304,0.505465631339395,1.10229624935043,0.796864166654485,0.0341718242096265,0.378385385043401,0.64534220952816,1.42098053192424,2.03874958111645,0.365297729348817,-1.01393388253941,0.780116846178413,1.40022858471948,0.112151431401964,-0.630416497678096,1
"571",1.27672873540342,1.18134614294917,0.54300585839495,1.78519114757242,-0.188766124023404,1.27550316989517,1.9084549964675,-0.15975324689977,0.576467938222716,0.305123255766656,0.814362469305612,0.328769775195654,-0.0894986713798631,0.617861691877962,0.984567242718076,1.84361348494683,0.455016448689821,0.10062444415106,-0.0715649309672702,0.843556387156398,1
"572",0.901280726832816,0.757209848950732,0.0130552851058383,0.160453539132641,0.735801400384774,1.29185485095315,0.240338477040519,0.583104521560697,1.75474765332838,1.2298693268093,0.303424901269367,0.515863617777642,0.0927666120522568,0.891277192718979,1.32662167840194,-0.431986043516189,-0.52570858615429,1.19529966641107,0.498956217129166,-0.111435343091487,1
"71",0.346670887441523,1.14839037927633,1.03746517100155,0.357741896807714,1.75715372697618,0.361278959461518,0.914014435936812,-0.8601508560147,0.550596655355627,0.474367684319233,1.39399229542733,0.0669485340009729,-1.56071284246565,0.778305136525702,-0.814726374829378,0.996155425481401,0.371121311213333,2.05395096703911,1.18742176881405,-0.206494485044899,0
"72",1.98060952045876,-1.45816925940891,-0.571178128424704,1.77241284756005,1.95435508987026,-0.299786190422814,2.22785235657227,-1.87167446947606,0.260357678573361,-1.11839119857764,0.659392068347071,1.26703383373659,-0.414768893183205,0.223952800429604,0.313154233521595,0.836373085848592,-0.305083265554131,1.48634567104494,0.784237887874424,2.00164466705025,0
"73",0.0993473742060628,1.78230469244043,1.45135187592259,1.45374953868867,2.07438369676858,0.375787615022564,2.76502236622396,-0.084727491826618,1.3714296811413,-1.76015976108844,0.314144146815914,-0.222529436983601,1.50096191828134,-0.499950678947852,0.652803818761369,0.821441155898507,0.793448292828095,0.705279146205738,1.15914575452577,0.97280523750994,0
"74",0.987304787773511,0.600181716790037,0.558311557281423,-0.0525956962313215,-1.09521803376241,-0.0499817508982174,-0.577195399820778,-1.21999005711366,1.51039905421431,0.807907230527283,0.269242727353932,2.22432152314385,0.187191839351169,1.49800489649103,0.6780010153868,1.13970609785828,-0.437566094309402,1.43653703506385,-0.404061840913249,1.68910021718976,0
"75",1.30661139547267,1.25633348573559,-0.06797212760573,1.57537067117931,-0.431094172591138,-0.659699362603918,2.53513313229935,-0.816257906076046,1.13587631193337,0.63629495002935,0.283607694610448,0.3161970428473,-0.593013127625711,0.0620967888614009,0.541443771249136,-0.766013811492502,1.33551613260098,1.16940636877667,1.23848997010867,2.12073402540836,0
"76",1.3454036160646,-0.945348304072454,0.479789386529681,1.62081203288011,0.729936667326566,0.105673541821513,0.185169347410655,-1.56104576542694,0.402280097048338,0.646423843151975,0.0568938692524563,-0.945464366987329,-0.0702647977146258,0.549673945694214,1.6486834790028,0.00536728129021957,0.823652502442305,1.00869760725316,1.64974255856076,1.39635104605003,0
"77",0.837892339274837,0.51222813812344,0.769170384405038,0.967561230320251,1.64829841269566,0.445294506187043,0.0892963325207627,-0.568819694754615,1.14761771495983,0.288207044989598,1.33746999541864,0.667899986772224,0.184895196871796,0.347450074769544,0.424156495023943,1.75084608408347,1.25432026122934,2.10265171455669,1.89626293491043,1.69228918647472,0
"78",1.48218908343706,-1.39219474510977,1.26939361739631,-0.27787429604356,-0.0591751952210111,1.16173976339742,1.75694378742886,0.560452783361527,2.69748049663298,-0.301642085091322,1.30524789011923,-0.526146264234616,0.332546641045262,-1.13764813017379,1.40500470661167,1.08598579219009,0.272498297843656,1.29217419623425,0.224178415839322,0.276769620944496,0
"79",0.0569894729730214,-0.748350547035675,0.347851250673596,1.14208959300207,2.46279683932035,1.93962741214688,0.330537765397647,-1.58955400805059,1.18467386923727,1.23670630125278,-0.543465507890696,0.933894995170418,1.87143954791271,0.910543514058007,0.383352367619642,1.87020872477846,0.353085403681965,1.71472689949365,1.26163807995908,1.78536254413625,0
"80",0.943861075754216,1.83993940754284,0.859252404362597,0.802671867073065,1.39065785270907,1.30704031347872,-0.228238349443347,-0.669542064120249,1.8549414978178,0.124439407139471,1.13292265222895,-0.0950515853138663,0.281326344527706,-0.366388678184283,-0.0884441046848519,0.397959853020339,0.0568715122362887,1.86618074387063,0.417826962591583,0.452116766764671,0
"573",0.988746240934912,1.67776675151316,1.28886860374039,0.192092343203369,1.63839440971823,-0.366855635161412,0.957822761340091,0.011049280978972,0.53720323331188,0.159034113932096,0.620744238332715,1.33290673628358,-0.131337695303095,1.1195229941457,1.22907979752949,-1.05059368529019,0.614861442834447,1.54701226573683,-0.290116421521266,-1.8967337663397,1
"574",-0.604746083152517,1.0496843626225,0.872659430428728,1.84846737376485,1.39211898693033,-0.338038123001117,0.741588288939575,0.938710645096472,0.849327452987623,0.650392341727648,0.691884076778958,1.51510666584774,0.686896164526931,0.946183463032669,0.0130074290942354,1.91809871052454,1.0410191706495,0.200040212461682,0.527398923367458,-0.293587295474959,1
"575",0.116908190260715,0.603332348400291,1.16149715320384,0.392874791987162,0.225915418298928,-0.247061528646417,0.00654764385420858,-0.561024270461075,0.521030115339006,0.157014152153704,1.10808516473688,1.91965714551948,1.16920797374383,1.79251539947159,0.319220237868727,-0.49959876665382,0.451582753467609,0.46142489084164,1.38911245796885,-1.45797006960122,1
"576",0.0678292697631871,0.171118989287638,0.961279634190273,2.06054880738089,-0.047475656676205,0.763166572323519,1.09253272647817,0.84718175238236,0.944524634126277,2.16614875067357,1.26804321875296,-0.0211960849464179,1.43110884637387,0.715895880847091,2.14624295081789,-0.0443818277766069,-0.289572766727396,0.431237809138126,1.77155460972965,1.42515730913388,1
"577",0.545486498065449,0.0228257499276552,1.14135399935479,0.203237130799438,0.510950493067514,0.802998010621309,-0.499575149747897,0.812958950156491,0.622181686094874,1.33111059281494,1.19507220576017,0.114247880969414,0.751077217564418,0.688641919739445,0.209266756577771,-0.931928537903564,-0.239317051786438,0.550341253206773,1.56714076923185,0.188567276709858,1
"578",0.469762500185005,0.492579034564988,1.47598923996167,0.956260539141617,0.296743505016192,1.38799193491687,2.0065872801907,-1.23965541760191,1.29456908198787,0.917957394898859,1.62226463651075,0.813402472333027,1.52059497027028,1.28014740720285,2.0361706606883,0.970858957938989,-1.06608870663964,0.217964901053623,0.957993744833947,-0.101930133277494,1
"579",0.166739040123287,1.67805316227795,0.535222635324597,-0.184155202487291,0.397470653867287,0.0925048166444558,0.175186907412562,0.479375630252847,0.354283521754154,0.302058923646419,0.682458855493175,0.00674899613578028,0.0407375753910851,0.971631562024311,0.594977348601139,0.26806878511057,2.11648769917296,0.696558880547964,0.0378112590338947,0.566648910703008,1
"580",-1.61749570690171,0.774820880162224,2.27770495321703,1.12876580346995,1.05966086557428,-0.324863251851818,1.85499095852196,1.69816702623065,-0.365210538307979,-0.591297404295442,-0.341341840089171,2.11789446037342,1.29070298192013,1.44146374624793,0.363154414192016,1.71233846820389,-0.508422669301849,1.23343767833874,-1.03110726019555,-1.06221294742323,1
"581",0.880050098403808,0.600232381212872,0.513186421275396,0.22410526095137,0.389818714483065,1.17009406448407,0.801002679009162,0.886768655747877,-0.322013594330972,0.21665288957827,1.17976848455941,1.54443635727667,-0.0676685037180254,2.03828485759069,2.31559000701789,2.82130381828428,1.32628111840557,0.934697509990625,0.178685186983492,0.76105725954315,1
"582",0.506587616011087,1.54063612352577,-1.31731320516879,2.46892181420358,0.50049654182331,-0.151357820785032,1.36212342951578,0.603412062956142,1.00335771956522,-0.162991587189522,0.00338166792056205,1.76709346391477,-0.152245915100371,0.427223904255912,1.14855323495753,1.04587390379816,0.202903656073643,1.36952450571423,3.2176352764984,0.544645352357064,1
"81",0.873876208080165,1.78720653854123,2.04620060872211,-0.10287646962859,1.66716831273332,0.120635729503418,0.996740086592295,0.325292176052592,0.684624290251723,-0.366643668979352,0.487079408813011,-0.753556869014163,2.05135127462068,-1.29662860814149,0.970097070409337,-0.300441313392245,1.23491976322477,1.44920198049037,0.385666323085577,0.699381001651208,0
"82",1.56996528329044,-1.56668528885676,0.703608567775343,0.707639363396533,1.04734612950372,1.72388857792309,-0.283400937048118,0.0341335100686141,3.24334785368833,0.380363991849522,-0.0281742213666916,-1.07077174560847,0.245709338105746,0.440568832947446,0.148482553706387,2.24384686340872,0.0132543264725256,0.606420334960438,1.06141401492557,2.5429986740991,0
"83",0.755602913886083,2.49478619488076,0.825710879456589,1.69812584838657,0.82546071464143,0.364819139898125,0.300782281237046,0.11689230412099,1.3703965496584,-1.58108453052237,0.951128600078857,-0.118382634736092,1.44653519438342,1.38779689465718,0.472779688598825,0.382983848487159,0.828782607824239,0.378726390599249,0.934553933780097,1.67937651567175,0
"84",0.303252156597123,1.51849663237865,1.27700745992847,0.658087316473295,1.33369569634687,1.36967877507576,0.418379396259818,0.829185622155887,0.749145868578241,0.266924174168112,-0.0583073806288857,-0.429880793470072,1.14631322186451,0.975305424966786,-0.204363565302115,0.48860052027875,0.122235134298874,1.68522250350212,0.273258649061591,-0.321550471727053,0
"85",-0.398688225967035,1.45272637970355,0.586464083987839,0.401689223377104,-0.241682199096899,1.244791623125,0.602236643482382,0.537772663798603,0.860453309213481,1.7284738068097,-0.619603135050058,1.52178130021878,0.804422667013364,0.99283181255644,-0.063645796410895,-0.0737332008600292,0.138628273554318,1.56353510937194,-1.75425440113861,0.219734293193304,0
"86",-0.914128514980628,0.998314381704399,1.38522466578931,-0.283927253490408,2.03070206799489,-1.13069268577087,1.7195536723506,-2.56602187214688,-0.639392604453095,1.12527019883653,0.752317670614595,0.619485095376249,-0.916606093786993,2.6378282715409,0.124199340459597,0.15487290974572,1.60526144482379,1.66811198061888,1.62794541401748,2.16575843857997,0
"87",-0.126548399573928,1.09756926369282,0.813205874539822,1.50061383209473,0.903766927325037,1.50526624011106,1.34776945900394,0.384316807600374,0.507513878695258,1.21447253091027,0.538220941000348,-0.100872715282432,0.376704467612703,1.36967673393821,0.170484336949431,1.02323107813946,0.393548599637656,1.84219683631172,0.66796186024738,1.75597018384989,0
"88",1.04249239413912,-1.87425932333858,-0.144220633043473,0.78325293264103,1.52507583491047,1.93715365468385,0.628512835754095,-1.53032305609701,1.77824435900622,1.25624755918859,0.139455873797214,1.81125763374506,0.421752462374469,0.721931054918004,0.745831447369916,1.4845715744204,0.401964954263681,1.24443032694746,1.28448144701718,0.982593455743091,0
"89",0.282919064928708,0.733197011143991,1.57783124416805,-0.0123701184626261,1.21657415702826,0.843249844492892,-0.489004863384757,1.06762653159684,0.176347461728911,-0.355641268114555,0.907898879026,0.931905284280586,0.771596551563628,0.376472631372721,0.622335600506345,-0.567346338291584,-1.25990076744904,1.58937658278727,-0.636012155287381,-0.817632687984315,0
"90",0.443134887360359,1.46311674057129,1.28575368530908,1.9045314157046,0.106464174006918,0.960292570334715,0.574767468786459,-0.438847673993121,0.403228182674405,0.414070842002765,1.55244270019551,2.11094290794464,0.375281333864595,0.302873895797276,2.81158973975656,0.448194552317104,0.50932948798304,1.76263892528056,0.350175605951336,-0.838732849631543,0
"583",-1.14120208311438,0.0076074441040862,-1.64881681541073,1.9672549373475,0.491916071609787,2.40809335040546,0.224834171111468,-0.421887696894464,0.927275492742545,1.83179107391221,0.234345242708076,0.228657471654623,-0.0629988950993932,0.722336779831645,3.09292736640563,1.54942611356513,-1.18008738772421,0.441084387976235,1.77256672924611,-0.618490479294512,1
"584",-1.33374731618946,-0.775865903255706,1.32703347577411,1.43695662329123,0.376151839422346,1.48583308847435,2.01543295106246,1.30572092169261,0.610965076706276,-0.373603900629866,0.541156029323318,1.4929139227947,0.439961111600415,0.687752824263982,0.667859043356721,0.388194363693657,0.432890433887036,-1.20147420431435,1.97165267112837,0.431162536479503,1
"585",0.569121369236872,0.825082984655233,1.6239234451232,0.951826808924144,0.337528371998481,0.363912562282496,0.456364089014812,0.702444486802202,1.60904608852121,0.14154455735556,1.01896034815265,0.706612538960314,1.37478212188249,1.29039314240683,1.42973451705416,1.65383617598126,0.550882656203646,-1.15103079423974,0.272858540425536,0.87911364512562,1
"586",1.55107051220442,1.45369852915933,-1.34082885333721,1.88661593752325,0.516678285000257,-1.21380336753878,1.01335471174186,0.381086876241556,0.565560482139696,0.84388487625703,1.73147603972825,0.762147932784632,-0.358754333716452,-0.536369474385145,2.3780809640081,-0.10578488252581,1.40821771165091,0.0915777191604106,0.49422953497778,0.775353380244108,1
"587",1.46213511011294,1.0065964119138,2.0039855185865,-0.207337072299863,0.0778064232798403,0.657511440935607,2.35169806426914,-0.551152861288537,1.90004311255234,3.36822208259118,2.43262992622266,0.955595317563209,-0.977055408929914,0.0299195227453045,2.46017676802971,1.30794127988984,2.10534598988148,0.881977219727573,0.21059800060993,0.595086423431975,1
"588",-0.551266682159761,1.26251382058851,2.0044468260292,-0.37690932222553,1.17628377635689,-0.72207268313741,1.63268752779143,1.02692475215879,1.66865636791592,-0.0576379150074526,2.05466593986208,0.737334092205183,0.0161575224334631,-0.946680641582184,1.30859876833439,1.83783115219628,2.89494521307461,0.144033517047481,0.667165468176289,-0.565214878551246,1
"589",-0.0374970208216918,0.318738566637721,0.0226521467272688,3.19239855782675,0.15905039821205,1.54528131274161,1.75419205057606,0.181669288866404,0.746218609207743,-0.539728269222987,-0.107066158562855,0.0244582040492566,1.76741636265156,1.43288849247822,0.959302655345232,1.02790494262838,0.586562677959935,0.209297849691572,0.909286455274513,2.1419853069142,1
"590",0.551842500643418,1.49918330201486,0.246814564600055,1.4260242451751,1.22816866343038,0.111177734363449,-0.811295108747053,0.61763860418334,-0.637538685686721,1.27786499102839,0.741691415393325,0.620389958616464,0.472979461429427,1.08929560702321,1.94143546675481,1.32418491964878,0.469674087062135,-0.223712462187807,0.31287783346205,1.33814589014592,1
"591",-0.0241380952167143,0.867632513477708,1.16359036855236,-0.801957076709887,0.818008279072373,0.531492369370793,0.853247739599067,2.11186276360531,-0.865634736390639,1.63702479613856,1.31408827918611,0.629496064214413,-0.951751033394551,0.0787155139057417,1.47523474033274,0.412874534134133,-0.0368200590801062,0.612600792400296,0.439519037090658,-0.323659418399128,1
"592",-0.552458064137062,0.204297494516996,1.55239016224135,0.306674908855474,0.584784394050213,0.490606232227613,0.822794812965368,1.58034595346278,0.0979269168143709,-0.0809369475373665,0.289974130083548,1.93650489706411,-1.27403093373933,0.232785535089833,2.10132330684192,1.60993299466931,2.11075938820152,-0.412315299155008,-0.399062987778157,-0.204663677229659,1
"91",-0.210770001006921,-0.24346519346805,1.01741711595162,1.977507165327,1.64304043367862,0.263228938740512,-0.284543456397704,-0.774995204291316,1.21032554850019,1.47988349912917,1.07471016983595,0.545553965960246,0.334776428788333,0.667525241519136,0.664293467825414,1.12123326577806,0.830051023307505,1.52232639928635,1.51630637808412,0.721045919805637,0
"92",1.79926557701285,-0.608646173511342,1.07771437400711,-1.1610404256159,1.46853366806284,0.499808940882951,0.415878839800546,-0.865020535300369,1.37875316449176,-0.370433863722506,0.504628007733745,0.640727753962391,0.682556451400096,0.774132112480321,0.96846091773342,1.1248767128848,0.979007064479809,1.74872296670073,0.490341138578295,0.169557676813344,0
"93",1.6760574179402,2.08744971881363,-0.320140244861932,-0.0497964524846128,0.579248477548537,0.787018283785084,2.36362483834206,-0.0744167686799519,0.573941768060533,-0.528493706869291,0.491996449323023,1.86491966622107,1.53167675568578,-0.0532775978129884,0.277134330388444,-0.227222305185802,1.52697322551028,-0.465408922260107,0.69837146226996,-0.508896557637609,0
"94",1.50732428430343,0.706411355047328,0.377403671124166,0.832486648649579,1.09908779241385,0.345352810293294,1.21692157305702,-0.430345835357589,1.79653557360397,0.709790232309699,0.306900493710503,0.17524832590015,0.865730668568728,0.20893796239055,1.08760591123656,0.678504016629161,0.791600225706873,1.13122495222833,2.3036997399634,0.841699693918562,0
"95",2.10364480807273,1.6842700654439,0.264987571526386,3.14242556221339,0.955344762941829,0.456954645559792,0.24967518772527,1.08122894172366,1.91890283177731,0.603095472065554,-0.719263878515804,0.634403047454545,1.01696939775206,-0.0228807796472533,0.772643049047797,0.913415304166421,0.890956407148279,-0.32062635229156,0.341619271525177,0.948698554690445,0
"96",1.31283931086443,1.04323703881958,-0.628449971655364,1.16828029019216,1.34985031557184,1.67688580452299,0.977764763962874,-0.00594518174949574,0.0563463740488387,0.233498958223289,-0.334175350368845,0.974304900494772,1.09884333861793,0.714355744651814,0.76505766948901,0.561013786911517,-0.377643736947761,0.815522243310658,1.89520873876377,1.553537108119,0
"97",0.111593215373073,0.23291140661849,0.858340808046273,0.303812394799275,-0.214619374131565,-0.2372848515701,1.09425610559442,-0.486616878534172,0.510264307333327,2.96814759793518,0.0592253420279122,-0.642703027287913,1.54463988163498,0.220259865728687,1.08095563832954,0.933441751328348,0.703187002435766,1.60983581698794,0.357799091608445,1.51171414086004,0
"98",0.529638173015288,3.20320267442816,0.2128261107619,0.00852737152912908,2.15971212457259,1.85434973356066,2.53953872216842,0.511755867586286,1.42396331594888,-1.54419412232541,1.02500449983462,1.53367577155702,2.36679596684584,-0.530350465541752,0.328497676038093,0.361236109500998,0.405200038358425,0.312389252295545,0.749916025938033,1.59238605225722,0
"99",0.0235055405794079,0.313596710276624,0.249905767491474,0.0851038257710341,0.0138198233151018,1.2477193792519,1.01403490820672,-0.138483199699597,1.41978612517511,2.12296685084757,0.818013421127439,1.19979714561921,0.644751099033641,1.93993865185703,0.775034567283027,-0.390370492987172,-1.1435295414593,2.46633993126524,1.99937078887371,1.50851105612543,0
"100",1.31769370915989,-0.131992482749131,0.0748251607235157,1.3128247143004,0.570966327351649,0.19445845551742,1.96581872483182,0.954109333122844,1.30406731365017,0.746039373031703,0.39368938796198,-0.755497261436006,0.632220146652815,-0.861663179460505,0.970685034572217,1.44999611574721,0.664031910588718,1.19931587138536,0.990085000296091,0.89099548164931,0
"593",1.23805884196476,0.17474992208016,1.74855157252902,1.32055803629569,-0.506314467296695,0.820996807792159,1.16636896451484,-1.06183259167735,1.6548291938802,-0.0312849135062595,-0.0151510169661616,0.00658469365986269,3.37558922864994,0.870893746544243,0.272775346248298,1.50198495380614,0.597202287781919,0.973415799284415,0.780027760440295,0.942683200333271,1
"594",-0.140886480848916,0.409793540826965,1.41390572590025,0.767848207260803,0.884078292867643,-0.0304738711726387,-0.161239481714576,0.114698934134781,0.409922801573607,1.70076227239568,1.38182515907261,0.988672956665742,-0.0328747044821284,-0.413120385410262,1.82240275153662,0.05249687185148,1.23262377694215,0.876400109142428,1.46675053706309,-0.773564314761938,1
"595",-0.866630585188554,0.997303201518566,0.927375375138185,-0.347371527658904,0.204082969243222,-0.0227742394242908,-0.216887280356656,0.458291140154955,0.37748510709806,1.53505882046532,0.396221865915082,0.284920305359977,-0.226892602129077,0.0316940414024074,-0.416618518609501,-0.125329719009995,0.244662389238387,0.721564188767217,0.35164763452737,-0.703781335238592,1
"596",-0.00741580821356469,-0.799199515550511,0.999896092609391,1.96792109426941,0.176672242653807,0.460190313227625,-0.294125068557533,-0.0785434563773478,1.64084118745183,0.14118253834177,-0.203197206229814,0.483176178971399,0.408359634939903,0.285097242456314,0.799772187186106,2.85864161275566,0.701158648195671,0.515898031473112,-0.915739594651854,0.428302545763862,1
"597",-0.428768301970666,0.442487816212631,2.48755507064277,1.891771614813,3.64343500558005,1.42567419923349,2.18568893259218,1.40304804174839,1.87185243513995,0.212688619933155,1.48075259864599,1.81304404821639,-0.154414254281897,-0.978530939602833,0.804059961497031,1.97291605405666,0.923918387553446,2.33995838388524,-0.219579716411918,-0.0588064752896457,1
"598",1.2167807922129,0.0758323542700693,1.7066369111764,-0.832302722870651,0.499943890359796,0.862638595080284,-0.107879694227532,1.05372356474139,0.586596217095667,0.79412068500518,1.18343313264853,0.485653495713115,0.341981097823538,0.607497374440677,1.81343105960917,2.82391879745889,0.123399403730748,1.27175980406451,0.126187497500863,-1.61889853398486,1
"599",0.927482465133869,1.58281060762371,1.98249620089731,0.915670343980619,1.26471347709075,-0.349535404924062,1.90152862460342,0.987601918064931,-0.29120892845095,0.361335450235025,1.8901986203023,0.654152363173008,0.0557063432566593,-0.197747145599162,-0.403635632530039,0.826364549692747,3.54057058533452,0.355515675828156,0.224875212201319,-0.819800276343104,1
"600",1.07104621139662,1.92527098461009,-0.0536051928570143,0.920165060867329,1.5536901250698,0.0793195904882508,2.12400635594607,0.766877125394938,-0.338944607826795,1.5024111663862,2.41963677516113,0.665740047144461,0.418829154719727,1.27977627849579,0.538706587689533,-0.116479373713982,0.518240691365054,0.727210128687514,0.897986355406004,0.151175012157268,1
"601",-1.40967051350718,1.11529948948779,0.75783215401977,0.930126282887962,1.68909678996091,-0.687289160937038,0.719989955597482,0.772289242999948,2.83102614471727,-0.277100703443234,1.37400967885272,0.540077040220105,1.22942735483573,-0.0261167000758814,0.369004586168014,0.925197001883026,-0.152550956098553,0.419724431996937,0.638006559169588,0.245523910103134,1
"602",-0.807478495563669,1.12101768175484,1.0449803048997,0.52457962531298,-0.212391784737799,1.5103939910866,0.577910705919493,0.501628702859078,1.41549668985544,0.54634312871465,0.497056522550636,-0.503996944315758,0.819696620701779,1.22248862755432,-0.297704782420734,0.413955267093049,-0.041665257532185,0.534225921304541,0.853460028197968,-0.278170970292329,1
"101",0.38175622601799,-0.597969666869174,1.01840903872389,0.635774828652097,1.97000494978387,1.11144257861631,-0.626248590516473,-0.687582870798193,-0.331763199558488,1.01584287885041,-0.156451402112214,0.665028712691958,-0.432324801205057,0.78065223394668,0.429384965988374,1.14029261621586,-0.428226849195676,1.76692826999365,-0.566212203380913,0.743831783215645,0
"102",1.06600559218023,0.0692176881998919,0.906611382459272,0.907007584983298,1.86521946750541,0.280929720357641,0.240920039190169,-0.564327352190063,0.0408641689273381,0.587205993295437,1.85689415020337,0.692235538324408,1.03885920975426,-0.202679899861747,0.402079368096545,0.402531141518779,0.664371811323612,2.10275550149076,0.555722483338041,0.462532182588121,0
"103",1.87972050020752,1.12916740113448,0.172907898282246,0.348149953021105,0.93759285682046,0.818471664665239,1.97276790132324,-0.763479873013962,0.324175201488894,-1.53075781169629,0.269131137062204,-0.100868032650036,-0.64616290640577,-0.0110868592750296,1.32214639246189,0.432711973798032,0.522495150220481,0.00666410662980832,2.00408437405591,0.0580905677082834,0
"104",0.257003013557738,-0.898929631490935,-0.0206257879815621,1.07748694520812,0.353915032824142,1.14720080503468,0.0643200773812671,-1.42135519872732,1.09867595614186,-0.0218208796381246,0.576144372350346,-0.450729044253819,-0.367924722995691,0.665186182209628,0.108445729799765,0.113490535547729,0.115152143336911,1.69086499243035,0.29310857680098,0.613253862320422,0
"105",0.653188871310036,0.266462067736523,1.39768027446233,-0.380690134569225,0.0272967967616468,1.64493096065668,0.574514837695018,0.636166098441152,-0.496111279304559,-0.921791587446266,0.397214187094841,-0.336467860566716,-0.356774010026172,-1.21411231641976,0.095064242552068,-1.41959136530102,0.278911258313661,-0.0599485653009504,1.04318878818436,-1.78202630379335,0
"106",1.03661638679355,1.84281760241579,0.0881092082321066,-1.45569157395284,1.35097385183224,-0.241141809342961,-0.260439394085655,-2.07970836356631,-0.657331258940759,-1.8684130065063,1.86283429911486,3.09288519541985,1.63449557633054,-0.294269648737086,-0.212693573119157,0.271873705432933,0.621175542654296,2.10467954176897,2.19852597326277,0.58812782436236,0
"107",0.323645966851323,0.117710172815597,0.738548565445886,0.261092520864957,0.91777123127781,0.103622398648332,0.851451831626809,-0.364019034849638,1.44426027219964,1.71911462614486,0.420637716629179,0.575032869265711,1.45808039781388,0.0377602587861417,0.0941167110489124,1.27267705212549,1.34797193660345,0.994839344256829,0.896156408936172,1.46141897744956,0
"108",1.85181165932897,0.331276438101982,2.00479552068075,-1.05963049537428,0.851508525418437,-0.515109813533149,0.566742104614222,-0.669084121890075,1.64283926555129,0.0160810433799033,1.8129019186232,1.24569753667423,1.61595228936719,-0.0437322809171778,1.76862247076559,0.321348659414539,1.17166605195043,-1.26374716438891,1.08704492518049,-0.224021980264808,0
"109",0.211611383606949,1.34869884918136,1.65228105606277,-0.160269285648728,1.21530415704733,0.0553568861166152,0.78577918158788,-1.76382382150054,0.680274977009396,-0.0244686813712526,1.11198170690621,0.2781868129521,2.06789282048686,-0.678547497553532,0.720675606507877,-0.859123578702709,1.57691210762965,1.19658287407259,0.391316694713577,1.0788120689904,0
"110",1.00368606005459,0.649909979659634,1.19041186111705,-0.863650822728413,2.2672407062915,-0.826921563932998,0.703397401230825,-2.12241240750819,0.19056194712625,0.508731406483995,0.686557868805156,-1.3873421059923,-0.198881248276054,1.25259728404393,0.517187760826301,-0.771639992766145,1.58785073987417,1.53255094096113,1.07267518519031,0.367075608908799,0
"603",0.792445258422877,1.38436221551082,0.439526971511849,2.04565168439579,0.744529009244909,-0.820639182316327,0.312960233713624,-0.153207764911288,0.85643580234479,1.28514424991525,1.13658989683391,1.5213596819147,-0.742972291204451,-0.802471012139295,1.50934444314217,-0.0700207064496701,0.0151151767133646,-0.360436497995542,-0.495236513237103,-0.847987284860446,1
"604",0.79449668589233,1.84919542813513,1.3245950321085,2.40277841476723,1.02469124075132,1.25662832496597,1.48388949715756,0.591591656290627,0.559551046755358,1.18064795753901,1.19491552737179,2.29213317963244,-0.398619075495305,-0.471048529085327,1.4139562303688,1.93599403799789,-1.76548986399167,1.3857607721681,1.76125799991084,0.537479097041789,1
"605",-0.12112805052984,1.72834919202216,0.645768738674624,0.598482620040699,1.88584409302346,0.233511289817927,2.61381400458448,1.9674115360241,0.419598567484675,-1.15059578478494,1.62704943703546,0.549495330542652,1.89151227357351,1.69196387281208,0.142312265007065,-0.699553774880625,0.158781176463494,1.2021034749754,0.654015971572052,1.67101311065439,1
"606",-0.525697264664665,0.0444829083278393,1.22070788055763,0.125910284937494,0.746007702570517,0.167034158484521,0.831980769168186,0.227995863230324,0.862994725734569,0.439807634198171,0.460452809875105,0.614417279160084,-0.0722163434812583,1.53719773141213,2.91342701862606,0.901407093616115,0.0525838261434748,-0.368324687325588,-0.563643521585298,1.06640710231636,1
"607",-0.936594753377268,1.47412602132268,1.48668158242723,0.328264552005745,-0.278484070234073,0.39374167103812,1.17569223692572,0.293537023404518,0.429561785119608,1.3036930722988,-0.0438650344384699,-1.38007005320873,0.173676337452597,-0.627461702651682,0.795608816534696,1.49104785823464,0.415307827159085,1.09973405325117,1.40097772873706,0.613518483721989,1
"608",0.054795470075569,0.330453468593518,1.12650392883851,1.16809045693614,0.559248743907648,0.423898757114502,1.10821017629844,0.633272491464054,1.50252828004998,-0.342419877896789,1.25238735849121,0.966825060370613,0.310327085951359,-0.594535521836774,1.17883662174454,1.15001285741141,0.0712042816589749,0.0953488971027815,1.11287964739987,0.0789179305075889,1
"609",0.79219938210671,1.0434536020169,0.844692753203918,3.12533124070542,0.380097145038214,0.871531678665597,0.660827849657255,0.477813593282793,1.56164609940695,1.02389939783745,0.953567646233045,-0.329640402926684,1.69791976795208,0.694432335661288,1.31136420369969,0.148443210516602,1.10918941844671,-0.733351803022128,1.2689194110534,0.715877790939723,1
"610",-0.671635356969114,0.557025949632096,0.120235249447161,0.61799645201956,-0.62586583764458,1.59193315163332,1.75794899660922,0.547985168601966,1.56618356498573,-0.722597985755253,-0.664587437831386,1.56235093886615,1.60552111978887,1.50342283154741,0.00945067821241974,2.24544634737952,-0.498536621808629,1.31823142007251,-0.142678920554424,1.17011894881527,1
"611",-0.086580822990725,1.28780047321857,-0.23231608808271,1.84750095308961,0.973129340871201,0.687157931299853,-1.38995371644165,0.2934045370773,1.07710218122177,0.314263894174647,0.422061797976427,0.149559575063242,1.27025703473014,1.93917160425862,0.475003657376526,-0.668764074392862,0.909418332448036,0.226974048103898,0.482019182064417,-0.201243063057791,1
"612",0.26223477586908,1.03415341592801,0.948823614936189,0.400624278085715,0.255635850236847,1.28994756800037,0.952894647995076,0.688183211050932,1.22375227616442,0.649211537450398,0.885311189595785,1.11396814045861,0.305967455616303,0.0472262465141218,-0.93816728001523,1.19484913306863,0.359498407449898,-0.00438861848739636,1.18860714513982,-0.933589905744692,1
